-- phpMyAdmin SQL Dump
-- version 5.2.1
-- https://www.phpmyadmin.net/
--
-- Host: 127.0.0.1
-- Waktu pembuatan: 30 Jun 2024 pada 12.31
-- Versi server: 10.4.32-MariaDB
-- Versi PHP: 8.0.30

SET SQL_MODE = "NO_AUTO_VALUE_ON_ZERO";
START TRANSACTION;
SET time_zone = "+00:00";


/*!40101 SET @OLD_CHARACTER_SET_CLIENT=@@CHARACTER_SET_CLIENT */;
/*!40101 SET @OLD_CHARACTER_SET_RESULTS=@@CHARACTER_SET_RESULTS */;
/*!40101 SET @OLD_COLLATION_CONNECTION=@@COLLATION_CONNECTION */;
/*!40101 SET NAMES utf8mb4 */;

--
-- Database: `perpustakaan`
--

-- --------------------------------------------------------

--
-- Struktur dari tabel `anggota`
--

CREATE TABLE `anggota` (
  `id` int(11) NOT NULL,
  `nama` varchar(100) NOT NULL,
  `alamat` varchar(255) DEFAULT NULL,
  `kontak` varchar(50) DEFAULT NULL
) ENGINE=InnoDB DEFAULT CHARSET=utf8mb4 COLLATE=utf8mb4_general_ci;

--
-- Dumping data untuk tabel `anggota`
--

INSERT INTO `anggota` (`id`, `nama`, `alamat`, `kontak`) VALUES
(1, 'Deka', 'Jl. Raya No. 1', '123456789'),
(2, 'Agus', 'Jl. Lebar No. 2', '987654321'),
(3, 'Yoga', 'Jl. Panjang No. 3', '1234567890');

-- --------------------------------------------------------

--
-- Struktur dari tabel `buku`
--

CREATE TABLE `buku` (
  `id` int(11) NOT NULL,
  `judul` varchar(255) NOT NULL,
  `penulis_id` int(11) DEFAULT NULL,
  `penerbit_id` int(11) DEFAULT NULL,
  `kategori_id` int(11) DEFAULT NULL,
  `tahun_terbit` year(4) DEFAULT NULL,
  `jumlah_stok` int(11) DEFAULT 0
) ENGINE=InnoDB DEFAULT CHARSET=utf8mb4 COLLATE=utf8mb4_general_ci;

--
-- Dumping data untuk tabel `buku`
--

INSERT INTO `buku` (`id`, `judul`, `penulis_id`, `penerbit_id`, `kategori_id`, `tahun_terbit`, `jumlah_stok`) VALUES
(1, 'Buku Bacaan', 1, 1, 1, '2020', 5),
(2, 'Buku Tulisan', 2, 2, 2, '2021', 3);

-- --------------------------------------------------------

--
-- Struktur dari tabel `kategori`
--

CREATE TABLE `kategori` (
  `id` int(11) NOT NULL,
  `nama` varchar(100) NOT NULL
) ENGINE=InnoDB DEFAULT CHARSET=utf8mb4 COLLATE=utf8mb4_general_ci;

--
-- Dumping data untuk tabel `kategori`
--

INSERT INTO `kategori` (`id`, `nama`) VALUES
(1, 'Fiksi'),
(2, 'Non-Fiksi'),
(3, 'Sains'),
(4, 'Teknologi');

-- --------------------------------------------------------

--
-- Struktur dari tabel `peminjaman`
--

CREATE TABLE `peminjaman` (
  `id` int(11) NOT NULL,
  `buku_id` int(11) DEFAULT NULL,
  `anggota_id` int(11) DEFAULT NULL,
  `tanggal_pinjam` date DEFAULT NULL,
  `tanggal_kembali` date DEFAULT NULL,
  `status` enum('Dipinjam','Dikembalikan') DEFAULT 'Dipinjam'
) ENGINE=InnoDB DEFAULT CHARSET=utf8mb4 COLLATE=utf8mb4_general_ci;

--
-- Dumping data untuk tabel `peminjaman`
--

INSERT INTO `peminjaman` (`id`, `buku_id`, `anggota_id`, `tanggal_pinjam`, `tanggal_kembali`, `status`) VALUES
(1, 1, 1, '2024-06-01', '2024-06-15', 'Dikembalikan'),
(2, 2, 2, '2024-06-10', '2024-06-20', 'Dipinjam');

-- --------------------------------------------------------

--
-- Struktur dari tabel `penerbit`
--

CREATE TABLE `penerbit` (
  `id` int(11) NOT NULL,
  `nama` varchar(100) NOT NULL,
  `alamat` varchar(255) DEFAULT NULL,
  `kontak` varchar(50) DEFAULT NULL
) ENGINE=InnoDB DEFAULT CHARSET=utf8mb4 COLLATE=utf8mb4_general_ci;

--
-- Dumping data untuk tabel `penerbit`
--

INSERT INTO `penerbit` (`id`, `nama`, `alamat`, `kontak`) VALUES
(1, 'M&C', 'Jl. Tua No. 1', '123456789'),
(2, 'EMC', 'Jl. Baru No. 2', '987654321');

-- --------------------------------------------------------

--
-- Struktur dari tabel `penulis`
--

CREATE TABLE `penulis` (
  `id` int(11) NOT NULL,
  `nama` varchar(100) NOT NULL,
  `kontak` varchar(50) DEFAULT NULL
) ENGINE=InnoDB DEFAULT CHARSET=utf8mb4 COLLATE=utf8mb4_general_ci;

--
-- Dumping data untuk tabel `penulis`
--

INSERT INTO `penulis` (`id`, `nama`, `kontak`) VALUES
(1, 'Arya', '123456789'),
(2, 'Gusti', '987654321');

--
-- Indexes for dumped tables
--

--
-- Indeks untuk tabel `anggota`
--
ALTER TABLE `anggota`
  ADD PRIMARY KEY (`id`);

--
-- Indeks untuk tabel `buku`
--
ALTER TABLE `buku`
  ADD PRIMARY KEY (`id`),
  ADD KEY `penulis_id` (`penulis_id`),
  ADD KEY `penerbit_id` (`penerbit_id`),
  ADD KEY `kategori_id` (`kategori_id`);

--
-- Indeks untuk tabel `kategori`
--
ALTER TABLE `kategori`
  ADD PRIMARY KEY (`id`);

--
-- Indeks untuk tabel `peminjaman`
--
ALTER TABLE `peminjaman`
  ADD PRIMARY KEY (`id`),
  ADD KEY `buku_id` (`buku_id`),
  ADD KEY `anggota_id` (`anggota_id`);

--
-- Indeks untuk tabel `penerbit`
--
ALTER TABLE `penerbit`
  ADD PRIMARY KEY (`id`);

--
-- Indeks untuk tabel `penulis`
--
ALTER TABLE `penulis`
  ADD PRIMARY KEY (`id`);

--
-- AUTO_INCREMENT untuk tabel yang dibuang
--

--
-- AUTO_INCREMENT untuk tabel `anggota`
--
ALTER TABLE `anggota`
  MODIFY `id` int(11) NOT NULL AUTO_INCREMENT, AUTO_INCREMENT=4;

--
-- AUTO_INCREMENT untuk tabel `buku`
--
ALTER TABLE `buku`
  MODIFY `id` int(11) NOT NULL AUTO_INCREMENT, AUTO_INCREMENT=3;

--
-- AUTO_INCREMENT untuk tabel `kategori`
--
ALTER TABLE `kategori`
  MODIFY `id` int(11) NOT NULL AUTO_INCREMENT, AUTO_INCREMENT=5;

--
-- AUTO_INCREMENT untuk tabel `peminjaman`
--
ALTER TABLE `peminjaman`
  MODIFY `id` int(11) NOT NULL AUTO_INCREMENT, AUTO_INCREMENT=3;

--
-- AUTO_INCREMENT untuk tabel `penerbit`
--
ALTER TABLE `penerbit`
  MODIFY `id` int(11) NOT NULL AUTO_INCREMENT, AUTO_INCREMENT=3;

--
-- AUTO_INCREMENT untuk tabel `penulis`
--
ALTER TABLE `penulis`
  MODIFY `id` int(11) NOT NULL AUTO_INCREMENT, AUTO_INCREMENT=3;

--
-- Ketidakleluasaan untuk tabel pelimpahan (Dumped Tables)
--

--
-- Ketidakleluasaan untuk tabel `buku`
--
ALTER TABLE `buku`
  ADD CONSTRAINT `buku_ibfk_1` FOREIGN KEY (`penulis_id`) REFERENCES `penulis` (`id`),
  ADD CONSTRAINT `buku_ibfk_2` FOREIGN KEY (`penerbit_id`) REFERENCES `penerbit` (`id`),
  ADD CONSTRAINT `buku_ibfk_3` FOREIGN KEY (`kategori_id`) REFERENCES `kategori` (`id`);

--
-- Ketidakleluasaan untuk tabel `peminjaman`
--
ALTER TABLE `peminjaman`
  ADD CONSTRAINT `peminjaman_ibfk_1` FOREIGN KEY (`buku_id`) REFERENCES `buku` (`id`),
  ADD CONSTRAINT `peminjaman_ibfk_2` FOREIGN KEY (`anggota_id`) REFERENCES `anggota` (`id`);
COMMIT;

/*!40101 SET CHARACTER_SET_CLIENT=@OLD_CHARACTER_SET_CLIENT */;
/*!40101 SET CHARACTER_SET_RESULTS=@OLD_CHARACTER_SET_RESULTS */;
/*!40101 SET COLLATION_CONNECTION=@OLD_COLLATION_CONNECTION */;
